{
  "roc_auc":{
    "Ampalaya":0.9871732026,
    "Avocado":0.9995751634,
    "Bamboo":0.9823202614,
    "Banana":0.985996732,
    "Black Pepper":0.9806372549,
    "Cacao":0.9986111111,
    "Calamansi":0.9990196078,
    "Cassava":0.9816013072,
    "Coconut":0.9960784314,
    "Coffee":0.9992973856,
    "Eggplant":0.997875817,
    "Forage Grass":0.9979575163,
    "Gabi":0.9994444444,
    "Ginger":0.9980228758,
    "Ipil Ipil":1.0,
    "Jackfruit":0.9806862745,
    "Katuray":0.9999019608,
    "Kulo":0.9922712418,
    "Lanzones":0.9997712418,
    "Lipote":0.9999346405,
    "Maize":0.9776797386,
    "Mango":0.9803921569,
    "Orchid":0.9643464052,
    "Papaya":0.9995098039,
    "Pechay":0.9487581699,
    "Pineapple":1.0,
    "Rambutan":0.9981372549,
    "Rice":0.9987908497,
    "Sili Labuyo":0.986372549,
    "Squash":0.9757352941,
    "String Bean":0.998872549,
    "Sweet Potato":0.9760294118,
    "Sweet Sorghum":0.9979738562,
    "Ube":0.998496732,
    "Upo":0.9384150327
  },
  "pr_auc":{
    "Ampalaya":0.701979431,
    "Avocado":0.9877394636,
    "Bamboo":0.9676190476,
    "Banana":0.7873214822,
    "Black Pepper":0.945026455,
    "Cacao":0.9266173958,
    "Calamansi":0.9656901394,
    "Cassava":0.9532726979,
    "Coconut":0.8684191923,
    "Coffee":0.9603099605,
    "Eggplant":0.9042214309,
    "Forage Grass":0.9569172113,
    "Gabi":0.9862552595,
    "Ginger":0.9670889736,
    "Ipil Ipil":1.0,
    "Jackfruit":0.9621541461,
    "Katuray":0.9966641948,
    "Kulo":0.9489377186,
    "Lanzones":0.9916237661,
    "Lipote":0.9979166667,
    "Maize":0.6266266308,
    "Mango":0.7670992953,
    "Orchid":0.9352380952,
    "Papaya":0.9838468601,
    "Pechay":0.229005827,
    "Pineapple":1.0,
    "Rambutan":0.9648557971,
    "Rice":0.9709593302,
    "Sili Labuyo":0.8805619497,
    "Squash":0.4363882079,
    "String Bean":0.9234142691,
    "Sweet Potato":0.8837498652,
    "Sweet Sorghum":0.9243437118,
    "Ube":0.9655014047,
    "Upo":0.2403585296
  },
  "brier_score":{
    "Ampalaya":0.0145659919,
    "Avocado":0.0040932117,
    "Bamboo":0.0014877642,
    "Banana":0.0125110749,
    "Black Pepper":0.0033574511,
    "Cacao":0.003007281,
    "Calamansi":0.0049165945,
    "Cassava":0.0038377535,
    "Coconut":0.0112888327,
    "Coffee":0.001615403,
    "Eggplant":0.0065598717,
    "Forage Grass":0.0035037368,
    "Gabi":0.0019400264,
    "Ginger":0.0032839003,
    "Ipil Ipil":0.0011112473,
    "Jackfruit":0.0034263605,
    "Katuray":0.001305573,
    "Kulo":0.0057154776,
    "Lanzones":0.0015955886,
    "Lipote":0.0019346552,
    "Maize":0.01503171,
    "Mango":0.0115627518,
    "Orchid":0.002650748,
    "Papaya":0.0035503181,
    "Pechay":0.024835246,
    "Pineapple":0.0013078351,
    "Rambutan":0.0047045236,
    "Rice":0.0038118226,
    "Sili Labuyo":0.0080583293,
    "Squash":0.0197413526,
    "String Bean":0.0032884866,
    "Sweet Potato":0.0080582355,
    "Sweet Sorghum":0.0065545536,
    "Ube":0.0050230145,
    "Upo":0.024718956
  },
  "positive_samples":{
    "Ampalaya":100,
    "Avocado":100,
    "Bamboo":100,
    "Banana":100,
    "Black Pepper":100,
    "Cacao":100,
    "Calamansi":100,
    "Cassava":100,
    "Coconut":100,
    "Coffee":100,
    "Eggplant":100,
    "Forage Grass":100,
    "Gabi":100,
    "Ginger":100,
    "Ipil Ipil":100,
    "Jackfruit":100,
    "Katuray":100,
    "Kulo":100,
    "Lanzones":100,
    "Lipote":100,
    "Maize":100,
    "Mango":100,
    "Orchid":100,
    "Papaya":100,
    "Pechay":100,
    "Pineapple":100,
    "Rambutan":100,
    "Rice":100,
    "Sili Labuyo":100,
    "Squash":100,
    "String Bean":100,
    "Sweet Potato":100,
    "Sweet Sorghum":100,
    "Ube":100,
    "Upo":100
  },
  "negative_samples":{
    "Ampalaya":3400,
    "Avocado":3400,
    "Bamboo":3400,
    "Banana":3400,
    "Black Pepper":3400,
    "Cacao":3400,
    "Calamansi":3400,
    "Cassava":3400,
    "Coconut":3400,
    "Coffee":3400,
    "Eggplant":3400,
    "Forage Grass":3400,
    "Gabi":3400,
    "Ginger":3400,
    "Ipil Ipil":3400,
    "Jackfruit":3400,
    "Katuray":3400,
    "Kulo":3400,
    "Lanzones":3400,
    "Lipote":3400,
    "Maize":3400,
    "Mango":3400,
    "Orchid":3400,
    "Papaya":3400,
    "Pechay":3400,
    "Pineapple":3400,
    "Rambutan":3400,
    "Rice":3400,
    "Sili Labuyo":3400,
    "Squash":3400,
    "String Bean":3400,
    "Sweet Potato":3400,
    "Sweet Sorghum":3400,
    "Ube":3400,
    "Upo":3400
  }
}