{
  "accuracy": 0.6038095238095238,
  "precision": 0.6089281727149429,
  "recall": 0.6038095238095238,
  "f1_score": 0.5865705029535754,
  "classification_report": "               precision    recall  f1-score   support\n\n     Ampalaya       0.25      0.43      0.32        30\n      Avocado       0.59      0.43      0.50        30\n       Bamboo       0.97      0.93      0.95        30\n       Banana       0.62      0.50      0.56        30\n Black Pepper       0.81      0.83      0.82        30\n        Cacao       0.79      1.00      0.88        30\n    Calamansi       0.83      0.50      0.62        30\n      Cassava       0.73      0.90      0.81        30\n      Coconut       0.58      0.50      0.54        30\n       Coffee       0.75      1.00      0.86        30\n     Eggplant       0.53      0.77      0.63        30\n Forage Grass       0.57      0.43      0.49        30\n         Gabi       1.00      1.00      1.00        30\n       Ginger       0.54      0.73      0.62        30\n    Ipil Ipil       0.46      1.00      0.63        30\n    Jackfruit       0.50      0.53      0.52        30\n      Katuray       0.50      0.17      0.25        30\n         Kulo       0.23      0.23      0.23        30\n     Lanzones       0.76      0.63      0.69        30\n       Lipote       0.64      0.70      0.67        30\n        Maize       0.26      0.20      0.23        30\n        Mango       0.33      0.20      0.25        30\n       Orchid       0.75      0.90      0.82        30\n       Papaya       0.61      0.67      0.63        30\n       Pechay       0.30      0.33      0.32        30\n    Pineapple       1.00      0.73      0.85        30\n     Rambutan       0.60      0.83      0.69        30\n         Rice       0.75      0.80      0.77        30\n  Sili Labuyo       0.79      0.50      0.61        30\n       Squash       0.50      0.17      0.25        30\n  String Bean       0.55      1.00      0.71        30\n Sweet Potato       0.82      0.60      0.69        30\nSweet Sorghum       0.67      0.53      0.59        30\n          Ube       0.48      0.33      0.39        30\n          Upo       0.27      0.10      0.15        30\n\n     accuracy                           0.60      1050\n    macro avg       0.61      0.60      0.59      1050\n weighted avg       0.61      0.60      0.59      1050\n",
  "confusion_matrix": [
    [
      13,
      0,
      0,
      0,
      0,
      0,
      0,
      0,
      0,
      0,
      0,
      2,
      0,
      3,
      0,
      0,
      0,
      0,
      0,
      0,
      1,
      0,
      0,
      0,
      6,
      0,
      0,
      0,
      0,
      2,
      2,
      0,
      0,
      0,
      1
    ],
    [
      0,
      13,
      0,
      0,
      0,
      4,
      0,
      0,
      0,
      0,
      0,
      0,
      0,
      0,
      0,
      1,
      1,
      0,
      0,
      0,
      0,
      7,
      0,
      4,
      0,
      0,
      0,
      0,
      0,
      0,
      0,
      0,
      0,
      0,
      0
    ],
    [
      0,
      0,
      28,
      0,
      0,
      0,
      0,
      0,
      0,
      0,
      0,
      0,
      0,
      0,
      1,
      0,
      0,
      1,
      0,
      0,
      0,
      0,
      0,
      0,
      0,
      0,
      0,
      0,
      0,
      0,
      0,
      0,
      0,
      0,
      0
    ],
    [
      0,
      0,
      0,
      15,
      0,
      0,
      0,
      0,
      0,
      0,
      0,
      0,
      0,
      1,
      0,
      0,
      0,
      2,
      0,
      0,
      0,
      0,
      0,
      0,
      0,
      0,
      0,
      1,
      0,
      0,
      3,
      3,
      0,
      5,
      0
    ],
    [
      0,
      1,
      0,
      0,
      25,
      4,
      0,
      0,
      0,
      0,
      0,
      0,
      0,
      0,
      0,
      0,
      0,
      0,
      0,
      0,
      0,
      0,
      0,
      0,
      0,
      0,
      0,
      0,
      0,
      0,
      0,
      0,
      0,
      0,
      0
    ],
    [
      0,
      0,
      0,
      0,
      0,
      30,
      0,
      0,
      0,
      0,
      0,
      0,
      0,
      0,
      0,
      0,
      0,
      0,
      0,
      0,
      0,
      0,
      0,
      0,
      0,
      0,
      0,
      0,
      0,
      0,
      0,
      0,
      0,
      0,
      0
    ],
    [
      0,
      0,
      0,
      0,
      2,
      0,
      15,
      0,
      0,
      3,
      0,
      0,
      0,
      0,
      0,
      0,
      1,
      0,
      0,
      0,
      0,
      0,
      0,
      9,
      0,
      0,
      0,
      0,
      0,
      0,
      0,
      0,
      0,
      0,
      0
    ],
    [
      0,
      0,
      0,
      0,
      0,
      0,
      0,
      27,
      0,
      0,
      0,
      0,
      0,
      0,
      1,
      0,
      0,
      0,
      0,
      0,
      0,
      0,
      1,
      0,
      0,
      0,
      0,
      0,
      0,
      0,
      0,
      0,
      0,
      1,
      0
    ],
    [
      0,
      0,
      0,
      0,
      3,
      0,
      1,
      0,
      15,
      5,
      0,
      0,
      0,
      5,
      0,
      0,
      0,
      1,
      0,
      0,
      0,
      0,
      0,
      0,
      0,
      0,
      0,
      0,
      0,
      0,
      0,
      0,
      0,
      0,
      0
    ],
    [
      0,
      0,
      0,
      0,
      0,
      0,
      0,
      0,
      0,
      30,
      0,
      0,
      0,
      0,
      0,
      0,
      0,
      0,
      0,
      0,
      0,
      0,
      0,
      0,
      0,
      0,
      0,
      0,
      0,
      0,
      0,
      0,
      0,
      0,
      0
    ],
    [
      0,
      0,
      0,
      0,
      0,
      0,
      0,
      0,
      0,
      0,
      23,
      0,
      0,
      0,
      0,
      0,
      0,
      0,
      0,
      7,
      0,
      0,
      0,
      0,
      0,
      0,
      0,
      0,
      0,
      0,
      0,
      0,
      0,
      0,
      0
    ],
    [
      2,
      0,
      0,
      0,
      0,
      0,
      0,
      1,
      0,
      0,
      0,
      13,
      0,
      0,
      7,
      0,
      0,
      0,
      0,
      0,
      1,
      0,
      0,
      0,
      0,
      0,
      2,
      4,
      0,
      0,
      0,
      0,
      0,
      0,
      0
    ],
    [
      0,
      0,
      0,
      0,
      0,
      0,
      0,
      0,
      0,
      0,
      0,
      0,
      30,
      0,
      0,
      0,
      0,
      0,
      0,
      0,
      0,
      0,
      0,
      0,
      0,
      0,
      0,
      0,
      0,
      0,
      0,
      0,
      0,
      0,
      0
    ],
    [
      0,
      3,
      0,
      0,
      0,
      0,
      0,
      0,
      1,
      1,
      0,
      0,
      0,
      22,
      0,
      0,
      0,
      0,
      0,
      0,
      1,
      0,
      0,
      0,
      0,
      0,
      1,
      0,
      1,
      0,
      0,
      0,
      0,
      0,
      0
    ],
    [
      0,
      0,
      0,
      0,
      0,
      0,
      0,
      0,
      0,
      0,
      0,
      0,
      0,
      0,
      30,
      0,
      0,
      0,
      0,
      0,
      0,
      0,
      0,
      0,
      0,
      0,
      0,
      0,
      0,
      0,
      0,
      0,
      0,
      0,
      0
    ],
    [
      0,
      0,
      1,
      0,
      0,
      0,
      0,
      0,
      0,
      0,
      0,
      0,
      0,
      0,
      0,
      16,
      0,
      8,
      0,
      1,
      0,
      3,
      1,
      0,
      0,
      0,
      0,
      0,
      0,
      0,
      0,
      0,
      0,
      0,
      0
    ],
    [
      0,
      0,
      0,
      0,
      0,
      0,
      0,
      0,
      0,
      0,
      0,
      4,
      0,
      0,
      20,
      0,
      5,
      0,
      0,
      0,
      0,
      0,
      1,
      0,
      0,
      0,
      0,
      0,
      0,
      0,
      0,
      0,
      0,
      0,
      0
    ],
    [
      0,
      0,
      0,
      0,
