{
  "Ampalaya": {
    "roc_auc": 0.987173202614379,
    "pr_auc": 0.7019794309594707,
    "brier_score": 0.014565991889805115,
    "positive_samples": 100,
    "negative_samples": 3400
  },
  "Avocado": {
    "roc_auc": 0.9995751633986927,
    "pr_auc": 0.9877394636015325,
    "brier_score": 0.004093211742222402,
    "positive_samples": 100,
    "negative_samples": 3400
  },
  "Bamboo": {
    "roc_auc": 0.9823202614379086,
    "pr_auc": 0.9676190476190476,
    "brier_score": 0.0014877641779000865,
    "positive_samples": 100,
    "negative_samples": 3400
  },
  "Banana": {
    "roc_auc": 0.9859967320261437,
    "pr_auc": 0.7873214822201656,
    "brier_score": 0.012511074945363371,
    "positive_samples": 100,
    "negative_samples": 3400
  },
  "Black Pepper": {
    "roc_auc": 0.9806372549019609,
    "pr_auc": 0.9450264550264549,
    "brier_score": 0.0033574511155071785,
    "positive_samples": 100,
    "negative_samples": 3400
  },
  "Cacao": {
    "roc_auc": 0.9986111111111111,
    "pr_auc": 0.9266173958213075,
    "brier_score": 0.003007280973035118,
    "positive_samples": 100,
    "negative_samples": 3400
  },
  "Calamansi": {
    "roc_auc": 0.9990196078431373,
    "pr_auc": 0.9656901393625531,
    "brier_score": 0.004916594466664844,
    "positive_samples": 100,
    "negative_samples": 3400
  },
  "Cassava": {
    "roc_auc": 0.9816013071895425,
    "pr_auc": 0.9532726978737165,
    "brier_score": 0.0038377534703563053,
    "positive_samples": 100,
    "negative_samples": 3400
  },
  "Coconut": {
    "roc_auc": 0.996078431372549,
    "pr_auc": 0.8684191923357799,
    "brier_score": 0.011288832663114229,
    "positive_samples": 100,
    "negative_samples": 3400
  },
  "Coffee": {
    "roc_auc": 0.9992973856209151,
    "pr_auc": 0.9603099605369164,
    "brier_score": 0.0016154030119813099,
    "positive_samples": 100,
    "negative_samples": 3400
  },
  "Eggplant": {
    "roc_auc": 0.9978758169934641,
    "pr_auc": 0.9042214309187994,
    "brier_score": 0.006559871681428743,
    "positive_samples": 100,
    "negative_samples": 3400
  },
  "Forage Grass": {
    "roc_auc": 0.9979575163398693,
    "pr_auc": 0.956917211328976,
    "brier_score": 0.0035037368123103183,
    "positive_samples": 100,
    "negative_samples": 3400
  },
  "Gabi": {
    "roc_auc": 0.9994444444444445,
    "pr_auc": 0.9862552594670407,
    "brier_score": 0.0019400263844797179,
    "positive_samples": 100,
    "negative_samples": 3400
  },
  "Ginger": {
    "roc_auc": 0.9980228758169934,
    "pr_auc": 0.9670889736192646,
    "brier_score": 0.003283900297005332,
    "positive_samples": 100,
    "negative_samples": 3400
  },
  "Ipil Ipil": {
    "roc_auc": 1.0,
    "pr_auc": 1.0,
    "brier_score": 0.0011112473169548128,
    "positive_samples": 100,
    "negative_samples": 3400
  },
  "Jackfruit": {
    "roc_auc": 0.980686274509804,
    "pr_auc": 0.9621541461412151,
    "brier_score": 0.00342636050161853,
    "positive_samples": 100,
    "negative_samples": 3400
  },
  "Katuray": {
    "roc_auc": 0.9999019607843137,
    "pr_auc": 0.9966641947843282,
    "brier_score": 0.0013055730238903,
    "positive_samples": 100,
    "negative_samples": 3400
  },
  "Kulo": {
    "roc_auc": 0.9922712418300654,
    "pr_auc": 0.9489377186133746,
    "brier_score": 0.005715477598184241,
    "positive_samples": 100,
    "negative_samples": 3400
  },
  "Lanzones": {
    "roc_auc": 0.9997712418300653,
    "pr_auc": 0.9916237660772329,
    "brier_score": 0.0015955885913421606,
    "positive_samples": 100,
    "negative_samples": 3400
  },
  "Lipote": {
    "roc_auc": 0.9999346405228758,
    "pr_auc": 0.9979166666666667,
    "brier_score": 0.0019346551800778764,
    "positive_samples": 100,
    "negative_samples": 3400
  },
  "Maize": {
    "roc_auc": 0.9776797385620914,
    "pr_auc": 0.6266266307835856,
    "brier_score": 0.015031709998586568,
    "positive_samples": 100,
    "negative_samples": 3400
  },
  "Mango": {
    "roc_auc": 0.9803921568627451,
    "pr_auc": 0.7670992953211511,
    "brier_score": 0.011562751822037417,
    "positive_samples": 100,
    "negative_samples": 3400
  },
  "Orchid": {
    "roc_auc": 0.9643464052287583,
    "pr_auc": 0.9352380952380952,
    "brier_score": 0.0026507479908904705,
    "positive_samples": 100,
    "negative_samples": 3400
  },
  "Papaya": {
    "roc_auc": 0.9995098039215686,
    "pr_auc": 0.9838468600793868,
    "brier_score": 0.0035503180838458302,
    "positive_samples": 100,
    "negative_samples": 3400
  },
  "Pechay": {
    "roc_auc": 0.9487581699346405,
    "pr_auc": 0.22900582700149252,
    "brier_score": 0.0248352459654946,
    "positive_samples": 100,
    "negative_samples": 3400
  },
  "Pineapple": {
    "roc_auc": 1.0,
    "pr_auc": 0.9999999999999999,
    "brier_score": 0.001307835095178746,
    "positive_samples": 100,
    "negative_samples": 3400
  },
  "Rambutan": {
    "roc_auc": 0.9981372549019608,
    "pr_auc": 0.964855797076512,
    "brier_score": 0.004704523649999649,
    "positive_samples": 100,
    "negative_samples": 3400
  },
  "Rice": {
    "roc_auc": 0.9987908496732026,
    "pr_auc": 0.9709593301547326,
    "brier_score": 0.003811822553487144,
    "positive_samples": 100,
    "negative_samples": 3400
  },
  "Sili Labuyo": {
    "roc_auc": 0.9863725490196078,
    "pr_auc": 0.880561949654451,
    "brier_score": 0.00805832928281049,
    "positive_samples": 100,
    "negative_samples": 3400
  },
  "Squash": {
    "roc_auc": 0.9757352941176471,
    "pr_auc": 0.4363882079357968,
    "brier_score": 0.019741352562802635,
    "positive_samples": 100,
    "negative_samples": 3400
  },
  "String Bean": {
    "roc_auc": 0.9988725490196079,
    "pr_auc": 0.9234142691322973,
    "brier_score": 0.0032884866190309014,
    "positive_samples": 100,
    "negative_samples": 3400
  },
  "Sweet Potato": {
    "roc_auc": 0.9760294117647059,
    "pr_auc": 0.8837498652133381,
    "brier_score": 0.008058235509279064,
    "positive_samples": 100,
    "negative_samples": 3400
  },
  "Sweet Sorghum": {
    "roc_auc": 0.9979738562091504,
    "pr_auc": 0.9243437118465722,
    "brier_score": 0.006554553634569162,
    "positive_samples": 100,
    "negative_samples": 3400
  },
  "Ube": {
    "roc_auc": 0.9984967320261438,
    "pr_auc": 0.9655014047255427,
    "brier_score": 0.005023014452523411,
    "positive_samples": 100,
    "negative_samples": 3400
  },
  "Upo": {
    "roc_auc": 0.9384150326797387,
    "pr_auc": 0.2403585295899893,
    "brier_score": 0.024718955959518382,
    "positive_samples": 100,
    "negative_samples": 3400
  }
}