{
  "Ampalaya": {
    "accuracy": 0.98,
    "precision": 0.8,
    "recall": 0.4,
    "f1_score": 0.5333333333333333,
    "balanced_accuracy": 0.6985294117647058,
    "positive_samples": 100,
    "negative_samples": 3400
  },
  "Avocado": {
    "accuracy": 0.9952380952380953,
    "precision": 1.0,
    "recall": 0.8333333333333334,
    "f1_score": 0.9090909090909091,
    "balanced_accuracy": 0.9166666666666667,
    "positive_samples": 100,
    "negative_samples": 3400
  },
  "Bamboo": {
    "accuracy": 0.9990476190476191,
    "precision": 1.0,
    "recall": 0.9666666666666667,
    "f1_score": 0.9830508474576272,
    "balanced_accuracy": 0.9833333333333334,
    "positive_samples": 100,
    "negative_samples": 3400
  },
  "Banana": {
    "accuracy": 0.9828571428571429,
    "precision": 0.8,
    "recall": 0.5333333333333333,
    "f1_score": 0.64,
    "balanced_accuracy": 0.7647058823529411,
    "positive_samples": 100,
    "negative_samples": 3400
  },
  "Black Pepper": {
    "accuracy": 0.9961904761904762,
    "precision": 0.9333333333333333,
    "recall": 0.9333333333333333,
    "f1_score": 0.9333333333333333,
    "balanced_accuracy": 0.9656862745098039,
    "positive_samples": 100,
    "negative_samples": 3400
  },
  "Cacao": {
    "accuracy": 0.9961904761904762,
    "precision": 0.9333333333333333,
    "recall": 0.9333333333333333,
    "f1_score": 0.9333333333333333,
    "balanced_accuracy": 0.9656862745098039,
    "positive_samples": 100,
    "negative_samples": 3400
  },
  "Calamansi": {
    "accuracy": 0.9933333333333333,
    "precision": 0.896551724137931,
    "recall": 0.8666666666666667,
    "f1_score": 0.8813559322033898,
    "balanced_accuracy": 0.9318627450980392,
    "positive_samples": 100,
    "negative_samples": 3400
  },
  "Cassava": {
    "accuracy": 0.9952380952380953,
    "precision": 0.9032258064516129,
    "recall": 0.9333333333333333,
    "f1_score": 0.9180327868852459,
    "balanced_accuracy": 0.9651960784313726,
    "positive_samples": 100,
    "negative_samples": 3400
  },
  "Coconut": {
    "accuracy": 0.9809523809523809,
    "precision": 0.9166666666666666,
    "recall": 0.36666666666666664,
    "f1_score": 0.5238095238095238,
    "balanced_accuracy": 0.682843137254902,
    "positive_samples": 100,
    "negative_samples": 3400
  },
  "Coffee": {
    "accuracy": 0.9990476190476191,
    "precision": 0.967741935483871,
    "recall": 1.0,
    "f1_score": 0.9836065573770492,
    "balanced_accuracy": 0.9995098039215686,
    "positive_samples": 100,
    "negative_samples": 3400
  },
  "Eggplant": {
    "accuracy": 0.9923809523809524,
    "precision": 0.7894736842105263,
    "recall": 1.0,
    "f1_score": 0.8823529411764706,
    "balanced_accuracy": 0.996078431372549,
    "positive_samples": 100,
    "negative_samples": 3400
  },
  "Forage Grass": {
    "accuracy": 0.9971428571428571,
    "precision": 1.0,
    "recall": 0.9,
    "f1_score": 0.9473684210526315,
    "balanced_accuracy": 0.95,
    "positive_samples": 100,
    "negative_samples": 3400
  },
  "Gabi": {
    "accuracy": 0.9980952380952381,
    "precision": 1.0,
    "recall": 0.9333333333333333,
    "f1_score": 0.9655172413793104,
    "balanced_accuracy": 0.9666666666666667,
    "positive_samples": 100,
    "negative_samples": 3400
  },
  "Ginger": {
    "accuracy": 0.9971428571428571,
    "precision": 1.0,
    "recall": 0.9,
    "f1_score": 0.9473684210526315,
    "balanced_accuracy": 0.95,
    "positive_samples": 100,
    "negative_samples": 3400
  },
  "Ipil Ipil": {
    "accuracy": 0.9990476190476191,
    "precision": 0.967741935483871,
    "recall": 1.0,
    "f1_score": 0.9836065573770492,
    "balanced_accuracy": 0.9995098039215686,
    "positive_samples": 100,
    "negative_samples": 3400
  },
  "Jackfruit": {
    "accuracy": 0.9952380952380953,
    "precision": 0.9629629629629629,
    "recall": 0.8666666666666667,
    "f1_score": 0.9122807017543859,
    "balanced_accuracy": 0.932843137254902,
    "positive_samples": 100,
    "negative_samples": 3400
  },
  "Katuray": {
    "accuracy": 0.9990476190476191,
    "precision": 0.967741935483871,
    "recall": 1.0,
    "f1_score": 0.9836065573770492,
    "balanced_accuracy": 0.9995098039215686,
    "positive_samples": 100,
    "negative_samples": 3400
  },
  "Kulo": {
    "accuracy": 0.9923809523809524,
    "precision": 1.0,
    "recall": 0.7333333333333333,
    "f1_score": 0.8461538461538461,
    "balanced_accuracy": 0.8666666666666667,
    "positive_samples": 100,
    "negative_samples": 3400
  },
  "Lanzones": {
    "accuracy": 0.9980952380952381,
    "precision": 0.9666666666666667,
    "recall": 0.9666666666666667,
    "f1_score": 0.9666666666666667,
    "balanced_accuracy": 0.982843137254902,
    "positive_samples": 100,
    "negative_samples": 3400
  },
  "Lipote": {
    "accuracy": 0.9980952380952381,
    "precision": 1.0,
    "recall": 0.9333333333333333,
    "f1_score": 0.9655172413793104,
    "balanced_accuracy": 0.9666666666666667,
    "positive_samples": 100,
    "negative_samples": 3400
  },
  "Maize": {
    "accuracy": 0.9771428571428571,
    "precision": 0.6363636363636364,
    "recall": 0.4666666666666667,
    "f1_score": 0.5384615384615384,
    "balanced_accuracy": 0.7294117647058824,
    "positive_samples": 100,
    "negative_samples": 3400
  },
  "Mango": {
    "accuracy": 0.9866666666666667,
    "precision": 0.8333333333333334,
    "recall": 0.6666666666666666,
    "f1_score": 0.7407407407407407,
    "balanced_accuracy": 0.8313725490196078,
    "positive_samples": 100,
    "negative_samples": 3400
  },
  "Orchid": {
    "accuracy": 0.9980952380952381,
    "precision": 1.0,
    "recall": 0.9333333333333333,
    "f1_score": 0.9655172413793104,
    "balanced_accuracy": 0.9666666666666667,
    "positive_samples": 100,
    "negative_samples": 3400
  },
  "Papaya": {
    "accuracy": 0.9942857142857143,
    "precision": 0.9615384615384616,
    "recall": 0.8333333333333334,
    "f1_score": 0.8928571428571429,
    "balanced_accuracy": 0.9161764705882354,
    "positive_samples": 100,
    "negative_samples": 3400
  },
  "Pechay": {
    "accuracy": 0.9647619047619047,
    "precision": 0.1111111111111111,
    "recall": 0.03333333333333333,
    "f1_score": 0.05128205128205128,
    "balanced_accuracy": 0.5127450980392158,
    "positive_samples": 100,
    "negative_samples": 3400
  },
  "Pineapple": {
    "accuracy": 0.9980952380952381,
    "precision": 1.0,
    "recall": 0.9333333333333333,
    "f1_score": 0.9655172413793104,
    "balanced_accuracy": 0.9666666666666667,
    "positive_samples": 100,
    "negative_samples": 3400
  },
  "Rambutan": {
    "accuracy": 0.9971428571428571,
    "precision": 0.9655172413793104,
    "recall": 0.9333333333333333,
    "f1_score": 0.9491525423728814,
    "balanced_accuracy": 0.9661764705882353,
    "positive_samples": 100,
    "negative_samples": 3400
  },
  "Rice": {
    "accuracy": 0.9952380952380953,
    "precision": 1.0,
    "recall": 0.8333333333333334,
    "f1_score": 0.9090909090909091,
    "balanced_accuracy": 0.9166666666666667,
    "positive_samples": 100,
    "negative_samples": 3400
  },
  "Sili Labuyo": {
    "accuracy": 0.9933333333333333,
    "precision": 1.0,
    "recall": 0.7666666666666667,
    "f1_score": 0.8679245283018868,
    "balanced_accuracy": 0.8833333333333333,
    "positive_samples": 100,
    "negative_samples": 3400
  },
  "Squash": {
    "accuracy": 0.9676190476190476,
    "precision": 0.375,
    "recall": 0.2,
    "f1_score": 0.2608695652173913,
    "balanced_accuracy": 0.5950980392156863,
    "positive_samples": 100,
    "negative_samples": 3400
  },
  "String Bean": {
    "accuracy": 0.9961904761904762,
    "precision": 0.9333333333333333,
    "recall": 0.9333333333333333,
    "f1_score": 0.9333333333333333,
    "balanced_accuracy": 0.9656862745098039,
    "positive_samples": 100,
    "negative_samples": 3400
  },
  "Sweet Potato": {
    "accuracy": 0.9895238095238095,
    "precision": 0.8518518518518519,
    "recall": 0.7666666666666667,