{
  "Ampalaya": {
    "accuracy": 0.9857142857142858,
    "precision": 0.7272727272727273,
    "recall": 0.8,
    "f1_score": 0.7619047619047619,
    "balanced_accuracy": 0.8955882352941177,
    "positive_samples": 100,
    "negative_samples": 3400
  },
  "Avocado": {
    "accuracy": 0.9952380952380953,
    "precision": 0.9629629629629629,
    "recall": 0.8666666666666667,
    "f1_score": 0.9122807017543859,
    "balanced_accuracy": 0.932843137254902,
    "positive_samples": 100,
    "negative_samples": 3400
  },
  "Bamboo": {
    "accuracy": 0.9990476190476191,
    "precision": 1.0,
    "recall": 0.9666666666666667,
    "f1_score": 0.9830508474576272,
    "balanced_accuracy": 0.9833333333333334,
    "positive_samples": 100,
    "negative_samples": 3400
  },
  "Banana": {
    "accuracy": 0.9847619047619047,
    "precision": 0.9375,
    "recall": 0.5,
    "f1_score": 0.6521739130434783,
    "balanced_accuracy": 0.7495098039215686,
    "positive_samples": 100,
    "negative_samples": 3400
  },
  "Black Pepper": {
    "accuracy": 0.9961904761904762,
    "precision": 0.9333333333333333,
    "recall": 0.9333333333333333,
    "f1_score": 0.9333333333333333,
    "balanced_accuracy": 0.9656862745098039,
    "positive_samples": 100,
    "negative_samples": 3400
  },
  "Cacao": {
    "accuracy": 0.9961904761904762,
    "precision": 0.9333333333333333,
    "recall": 0.9333333333333333,
    "f1_score": 0.9333333333333333,
    "balanced_accuracy": 0.9656862745098039,
    "positive_samples": 100,
    "negative_samples": 3400
  },
  "Calamansi": {
    "accuracy": 0.9942857142857143,
    "precision": 0.9,
    "recall": 0.9,
    "f1_score": 0.9,
    "balanced_accuracy": 0.9485294117647058,
    "positive_samples": 100,
    "negative_samples": 3400
  },
  "Cassava": {
    "accuracy": 0.9952380952380953,
    "precision": 0.9310344827586207,
    "recall": 0.9,
    "f1_score": 0.9152542372881356,
    "balanced_accuracy": 0.9490196078431372,
    "positive_samples": 99,
    "negative_samples": 3401
  },
  "Coconut": {
    "accuracy": 0.9809523809523809,
    "precision": 1.0,
    "recall": 0.3333333333333333,
    "f1_score": 0.5,
    "balanced_accuracy": 0.6666666666666666,
    "positive_samples": 100,
    "negative_samples": 3400
  },
  "Coffee": {
    "accuracy": 1.0,
    "precision": 1.0,
    "recall": 1.0,
    "f1_score": 1.0,
    "balanced_accuracy": 1.0,
    "positive_samples": 100,
    "negative_samples": 3400
  },
  "Eggplant": {
    "accuracy": 0.9904761904761905,
    "precision": 0.7631578947368421,
    "recall": 0.9666666666666667,
    "f1_score": 0.8529411764705882,
    "balanced_accuracy": 0.978921568627451,
    "positive_samples": 100,
    "negative_samples": 3400
  },
  "Forage Grass": {
    "accuracy": 0.9971428571428571,
    "precision": 1.0,
    "recall": 0.9,
    "f1_score": 0.9473684210526315,
    "balanced_accuracy": 0.95,
    "positive_samples": 100,
    "negative_samples": 3400
  },
  "Gabi": {
    "accuracy": 0.9980952380952381,
    "precision": 1.0,
    "recall": 0.9333333333333333,
    "f1_score": 0.9655172413793104,
    "balanced_accuracy": 0.9666666666666667,
    "positive_samples": 100,
    "negative_samples": 3400
  },
  "Ginger": {
    "accuracy": 0.9961904761904762,
    "precision": 0.9642857142857143,
    "recall": 0.9,
    "f1_score": 0.9310344827586207,
    "balanced_accuracy": 0.9495098039215686,
    "positive_samples": 100,
    "negative_samples": 3400
  },
  "Ipil Ipil": {
    "accuracy": 1.0,
    "precision": 1.0,
    "recall": 1.0,
    "f1_score": 1.0,
    "balanced_accuracy": 1.0,
    "positive_samples": 100,
    "negative_samples": 3400
  },
  "Jackfruit": {
    "accuracy": 0.9971428571428571,
    "precision": 1.0,
    "recall": 0.9,
    "f1_score": 0.9473684210526315,
    "balanced_accuracy": 0.95,
    "positive_samples": 101,
    "negative_samples": 3399
  },
  "Katuray": {
    "accuracy": 0.9980952380952381,
    "precision": 0.9375,
    "recall": 1.0,
    "f1_score": 0.967741935483871,
    "balanced_accuracy": 0.9990196078431373,
    "positive_samples": 100,
    "negative_samples": 3400
  },
  "Kulo": {
    "accuracy": 0.9933333333333333,
    "precision": 1.0,
    "recall": 0.7666666666666667,
    "f1_score": 0.8679245283018868,
    "balanced_accuracy": 0.8833333333333333,
    "positive_samples": 100,
    "negative_samples": 3400
  },
  "Lanzones": {
    "accuracy": 0.9980952380952381,
    "precision": 0.9666666666666667,
    "recall": 0.9666666666666667,
    "f1_score": 0.9666666666666667,
    "balanced_accuracy": 0.982843137254902,
    "positive_samples": 100,
    "negative_samples": 3400
  },
  "Lipote": {
    "accuracy": 0.9980952380952381,
    "precision": 1.0,
    "recall": 0.9333333333333333,
    "f1_score": 0.9655172413793104,
    "balanced_accuracy": 0.9666666666666667,
    "positive_samples": 100,
    "negative_samples": 3400
  },
  "Maize": {
    "accuracy": 0.981904761904762,
    "precision": 0.8666666666666667,
    "recall": 0.43333333333333335,
    "f1_score": 0.5777777777777777,
    "balanced_accuracy": 0.7156862745098039,
    "positive_samples": 100,
    "negative_samples": 3400
  },
  "Mango": {
    "accuracy": 0.9828571428571429,
    "precision": 0.7,
    "recall": 0.7,
    "f1_score": 0.7,
    "balanced_accuracy": 0.8455882352941176,
    "positive_samples": 100,
    "negative_samples": 3400
  },
  "Orchid": {
    "accuracy": 0.9980952380952381,
    "precision": 1.0,
    "recall": 0.9333333333333333,
    "f1_score": 0.9655172413793104,
    "balanced_accuracy": 0.9666666666666667,
    "positive_samples": 100,
    "negative_samples": 3400
  },
  "Papaya": {
    "accuracy": 0.9942857142857143,
    "precision": 0.9615384615384616,
    "recall": 0.8333333333333334,
    "f1_score": 0.8928571428571429,
    "balanced_accuracy": 0.9161764705882354,
    "positive_samples": 100,
    "negative_samples": 3400
  },
  "Pechay": {
    "accuracy": 0.9666666666666667,
    "precision": 0.42857142857142855,
    "recall": 0.5,
    "f1_score": 0.46153846153846156,
    "balanced_accuracy": 0.7401960784313726,
    "positive_samples": 100,
    "negative_samples": 3400
  },
  "Pineapple": {
    "accuracy": 0.9980952380952381,
    "precision": 1.0,
    "recall": 0.9333333333333333,
    "f1_score": 0.9655172413793104,
    "balanced_accuracy": 0.9666666666666667,
    "positive_samples": 100,
    "negative_samples": 3400
  },
  "Rambutan": {
    "accuracy": 0.9952380952380953,
    "precision": 0.9310344827586207,
    "recall": 0.9,
    "f1_score": 0.9152542372881356,
    "balanced_accuracy": 0.9490196078431372,
    "positive_samples": 100,
    "negative_samples": 3400
  },
  "Rice": {
    "accuracy": 0.9952380952380953,
    "precision": 1.0,
    "recall": 0.8333333333333334,
    "f1_score": 0.9090909090909091,
    "balanced_accuracy": 0.9166666666666667,
    "positive_samples": 100,
    "negative_samples": 3400
  },
  "Sili Labuyo": {
    "accuracy": 0.9914285714285714,
    "precision": 0.92,
    "recall": 0.7666666666666667,
    "f1_score": 0.8363636363636363,
    "balanced_accuracy": 0.8823529411764706,
    "positive_samples": 100,
    "negative_samples": 3400
  },
  "Squash": {
    "accuracy": 0.9828571428571429,
    "precision": 0.7307692307692307,
    "recall": 0.6333333333333333,
    "f1_score": 0.6785714285714286,
    "balanced_accuracy": 0.8132352941176471,
    "positive_samples": 100,
    "negative_samples": 3400
  },
  "String Bean": {
    "accuracy": 0.9676190476190476,
    "precision": 0.4090909090909091,
    "recall": 0.3,
    "f1_score": 0.34615384615384615,
    "balanced_accuracy": 0.6436274509803922,
    "positive_samples": 100,
    "negative_samples": 3400
  },
  "Sweet Potato": {
    "accuracy": 0.9942857142857143,
    "precision": 0.9615384615384616,
    "recall": 0.8333333333333334,
    "f1_score": 0.8928571428571429,
    "balanced_accuracy": 0.9161764705882354,
    "positive_samples": 100,
    "negative_samples": 3400
  },
  "Sweet Sorghum": {
    "accuracy": 0.9885714285714285,
    "precision": 0.875,