{
  "dataset_info": {
    "total_samples": 3500,
    "num_crops": 35,
    "crops": [
      "Ampalaya",
      "Avocado",
      "Bamboo",
      "Banana",
      "Black Pepper",
      "Cacao",
      "Calamansi",
      "Cassava",
      "Coconut",
      "Coffee",
      "Eggplant",
      "Forage Grass",
      "Gabi",
      "Ginger",
      "Ipil Ipil",
      "Jackfruit",
      "Katuray",
      "Kulo",
      "Lanzones",
      "Lipote",
      "Maize",
      "Mango",
      "Orchid",
      "Papaya",
      "Pechay",
      "Pineapple",
      "Rambutan",
      "Rice",
      "Sili Labuyo",
      "Squash",
      "String Bean",
      "Sweet Potato",
      "Sweet Sorghum",
      "Ube",
      "Upo"
    ],
    "features": [
      "soil_ph",
      "fertility_ec",
      "humidity",
      "sunlight",
      "soil_temp",
      "soil_moisture"
    ]
  },
  "model_performance": {
    "Logistic Regression": {
      "accuracy": 0.6038095238095238,
      "precision": 0.6089281727149429,
      "recall": 0.6038095238095238,
      "f1_score": 0.5865705029535754,
      "top_k_accuracy": {
        "top_1": 0.6038095238095238,
        "top_3": 0.8504761904761905,
        "top_5": 0.9257142857142857
      },
      "mrr": 0.7412895302300742
    },
    "Decision Tree": {
      "accuracy": 0.8142857142857143,
      "precision": 0.8233551422675327,
      "recall": 0.8142857142857143,
      "f1_score": 0.8147856060482356,
      "top_k_accuracy": {
        "top_1": 0.8085714285714286,
        "top_3": 0.8590476190476191,
        "top_5": 0.8771428571428571
      },
      "mrr": 0.8434300560635876
    },
    "Random Forest": {
      "accuracy": 0.8352380952380952,
      "precision": 0.8425462992849998,
      "recall": 0.8352380952380952,
      "f1_score": 0.8320405378706976,
      "top_k_accuracy": {
        "top_1": 0.8352380952380952,
        "top_3": 0.9495238095238095,
        "top_5": 0.9828571428571429
      },
      "mrr": 0.8963113506231519
    },
    "XGBoost": {
      "accuracy": 0.8295238095238096,
      "precision": 0.8359817163757454,
      "recall": 0.8295238095238096,
      "f1_score": 0.827137142175604,
      "top_k_accuracy": {
        "top_1": 0.8295238095238096,
        "top_3": 0.9571428571428572,
        "top_5": 0.9761904761904762
      },
      "mrr": 0.8945044360946515
    }
  },
  "best_model": "Random Forest",
  "hyperparameter_tuning_used": false,
  "random_seed": 42,
  "visualizations_created": true,
  "training_date": "2026-01-06",
  "top_k_config": [
    1,
    3,
    5
  ]
}