Model,MRR,MAP,Top-3 Acc,Top-5 Acc,Precision@3,Recall@3,Hit Rate@3,Accuracy,F1-Score,CV Mean,CV Std,Supports Ranking,Type
Random Forest,0.8963287214461254,0.8963287214461254,0.9495238095238095,0.9828571428571429,0.31650793650793513,0.9495238095238095,0.9495238095238095,0.8352380952380952,0.8320405378706976,0.8216326530612245,0.006656941400122487,True,RandomForestClassifier
Decision Tree,0.8436215167376429,0.8436215167376429,0.8590476190476191,0.8771428571428571,0.2863492063492067,0.8590476190476191,0.8590476190476191,0.8142857142857143,0.8147856060482356,0.7873469387755102,0.007998333853985915,True,DecisionTreeClassifier
Logistic Regression,0.7412895302300748,0.7412895302300748,0.8504761904761905,0.9257142857142857,0.283492063492064,0.8504761904761905,0.8504761904761905,0.6038095238095238,0.5865705029535754,0.573469387755102,0.012176680726674518,True,LogisticRegression
