Model,Accuracy,Top-1 Acc,Top-3 Acc,Top-5 Acc,Top-10 Acc,MRR,MAP,Precision@3,Recall@3
Decision Tree,0.8142857142857143,0,0,0,0,0.8434300560635876,0,0,0
Logistic Regression,0.6038095238095238,0,0,0,0,0.7412895302300742,0,0,0
Random Forest,0.8352380952380952,0,0,0,0,0.8963113506231519,0,0,0
Xgboost,0.8295238095238096,0,0,0,0,0.8945044360946515,0,0,0
